model,train_accuracy,accuracy,precision,recall,f1,auc
Logistic Regression,0.989010989010989,0.9736842105263158,0.975609756097561,0.9523809523809523,0.963855421686747,0.996031746031746
SVM (RBF Kernel),0.9868131868131869,0.9736842105263158,1.0,0.9285714285714286,0.9629629629629629,0.9947089947089947
Random Forest,1.0,0.9736842105263158,1.0,0.9285714285714286,0.9629629629629629,0.9943783068783069
KNN,0.9714285714285714,0.956140350877193,0.9743589743589743,0.9047619047619048,0.9382716049382716,0.982473544973545
