fpr,tpr,threshold
0.0,0.0,inf
0.0,0.6428571428571429,1.0
0.0,0.7142857142857143,0.8571428571428571
0.0,0.8571428571428571,0.7142857142857143
0.013888888888888888,0.9047619047619048,0.5714285714285714
0.013888888888888888,0.9285714285714286,0.42857142857142855
0.041666666666666664,0.9285714285714286,0.2857142857142857
0.1111111111111111,0.9761904761904762,0.14285714285714285
1.0,1.0,
