fpr,tpr,threshold
0.0,0.0,inf
0.0,0.023809523809523808,0.9999999970592458
0.0,0.9285714285714286,0.5939255673218125
0.013888888888888888,0.9285714285714286,0.5748476372470152
0.013888888888888888,0.9523809523809523,0.55422067752775
0.027777777777777776,0.9523809523809523,0.5
0.027777777777777776,0.9761904761904762,0.4417682805976579
0.18055555555555555,0.9761904761904762,0.06162118411946705
0.18055555555555555,1.0,0.061256111854856146
1.0,1.0,
