fpr,tpr,threshold
0.0,0.0,inf
0.0,0.023809523809523808,0.9999999998933822
0.0,0.9285714285714286,0.5799257795191453
0.013888888888888888,0.9285714285714286,0.5113259857487581
0.013888888888888888,0.9761904761904762,0.32061291568200634
0.1388888888888889,0.9761904761904762,0.06789102647401475
0.1388888888888889,1.0,0.06347811320655479
1.0,1.0,
